-- Scaled Chennai Dummy Data (100 Buses)
SET FOREIGN_KEY_CHECKS = 0;
INSERT INTO routes (id, ext_route_id, name) VALUES (1, 'R-101', 'Mount Road to Velachery');
INSERT INTO routes (id, ext_route_id, name) VALUES (2, 'R-102', 'T-Nagar to Besant Nagar');
INSERT INTO routes (id, ext_route_id, name) VALUES (3, 'R-103', 'T-Nagar to Marina Beach');
INSERT INTO routes (id, ext_route_id, name) VALUES (4, 'R-104', 'Mount Road to Anna Nagar');
INSERT INTO routes (id, ext_route_id, name) VALUES (5, 'R-105', 'Mount Road to Besant Nagar');
INSERT INTO routes (id, ext_route_id, name) VALUES (6, 'R-106', 'Adyar to Marina Beach');
INSERT INTO routes (id, ext_route_id, name) VALUES (7, 'R-107', 'Besant Nagar to Mylapore');
INSERT INTO routes (id, ext_route_id, name) VALUES (8, 'R-108', 'Mylapore to Adyar');
INSERT INTO routes (id, ext_route_id, name) VALUES (9, 'R-109', 'Anna Nagar to T-Nagar');
INSERT INTO routes (id, ext_route_id, name) VALUES (10, 'R-110', 'Marina Beach to Mylapore');
INSERT INTO routes (id, ext_route_id, name) VALUES (11, 'R-111', 'T-Nagar to Marina Beach');
INSERT INTO routes (id, ext_route_id, name) VALUES (12, 'R-112', 'Mount Road to Central Station');
INSERT INTO routes (id, ext_route_id, name) VALUES (13, 'R-113', 'Besant Nagar to T-Nagar');
INSERT INTO routes (id, ext_route_id, name) VALUES (14, 'R-114', 'Mylapore to Mount Road');
INSERT INTO routes (id, ext_route_id, name) VALUES (15, 'R-115', 'Marina Beach to Anna Nagar');
INSERT INTO routes (id, ext_route_id, name) VALUES (16, 'R-116', 'T-Nagar to Marina Beach');
INSERT INTO routes (id, ext_route_id, name) VALUES (17, 'R-117', 'Besant Nagar to Adyar');
INSERT INTO routes (id, ext_route_id, name) VALUES (18, 'R-118', 'Velachery to Central Station');
INSERT INTO routes (id, ext_route_id, name) VALUES (19, 'R-119', 'Guindy to Besant Nagar');
INSERT INTO routes (id, ext_route_id, name) VALUES (20, 'R-120', 'Anna Nagar to Mylapore');
INSERT INTO buses (id, bus_no, label) VALUES (1, 'CH-BUS-001', 'Bus 1');
INSERT INTO buses (id, bus_no, label) VALUES (2, 'CH-BUS-002', 'Bus 2');
INSERT INTO buses (id, bus_no, label) VALUES (3, 'CH-BUS-003', 'Bus 3');
INSERT INTO buses (id, bus_no, label) VALUES (4, 'CH-BUS-004', 'Bus 4');
INSERT INTO buses (id, bus_no, label) VALUES (5, 'CH-BUS-005', 'Bus 5');
INSERT INTO buses (id, bus_no, label) VALUES (6, 'CH-BUS-006', 'Bus 6');
INSERT INTO buses (id, bus_no, label) VALUES (7, 'CH-BUS-007', 'Bus 7');
INSERT INTO buses (id, bus_no, label) VALUES (8, 'CH-BUS-008', 'Bus 8');
INSERT INTO buses (id, bus_no, label) VALUES (9, 'CH-BUS-009', 'Bus 9');
INSERT INTO buses (id, bus_no, label) VALUES (10, 'CH-BUS-010', 'Bus 10');
INSERT INTO buses (id, bus_no, label) VALUES (11, 'CH-BUS-011', 'Bus 11');
INSERT INTO buses (id, bus_no, label) VALUES (12, 'CH-BUS-012', 'Bus 12');
INSERT INTO buses (id, bus_no, label) VALUES (13, 'CH-BUS-013', 'Bus 13');
INSERT INTO buses (id, bus_no, label) VALUES (14, 'CH-BUS-014', 'Bus 14');
INSERT INTO buses (id, bus_no, label) VALUES (15, 'CH-BUS-015', 'Bus 15');
INSERT INTO buses (id, bus_no, label) VALUES (16, 'CH-BUS-016', 'Bus 16');
INSERT INTO buses (id, bus_no, label) VALUES (17, 'CH-BUS-017', 'Bus 17');
INSERT INTO buses (id, bus_no, label) VALUES (18, 'CH-BUS-018', 'Bus 18');
INSERT INTO buses (id, bus_no, label) VALUES (19, 'CH-BUS-019', 'Bus 19');
INSERT INTO buses (id, bus_no, label) VALUES (20, 'CH-BUS-020', 'Bus 20');
INSERT INTO buses (id, bus_no, label) VALUES (21, 'CH-BUS-021', 'Bus 21');
INSERT INTO buses (id, bus_no, label) VALUES (22, 'CH-BUS-022', 'Bus 22');
INSERT INTO buses (id, bus_no, label) VALUES (23, 'CH-BUS-023', 'Bus 23');
INSERT INTO buses (id, bus_no, label) VALUES (24, 'CH-BUS-024', 'Bus 24');
INSERT INTO buses (id, bus_no, label) VALUES (25, 'CH-BUS-025', 'Bus 25');
INSERT INTO buses (id, bus_no, label) VALUES (26, 'CH-BUS-026', 'Bus 26');
INSERT INTO buses (id, bus_no, label) VALUES (27, 'CH-BUS-027', 'Bus 27');
INSERT INTO buses (id, bus_no, label) VALUES (28, 'CH-BUS-028', 'Bus 28');
INSERT INTO buses (id, bus_no, label) VALUES (29, 'CH-BUS-029', 'Bus 29');
INSERT INTO buses (id, bus_no, label) VALUES (30, 'CH-BUS-030', 'Bus 30');
INSERT INTO buses (id, bus_no, label) VALUES (31, 'CH-BUS-031', 'Bus 31');
INSERT INTO buses (id, bus_no, label) VALUES (32, 'CH-BUS-032', 'Bus 32');
INSERT INTO buses (id, bus_no, label) VALUES (33, 'CH-BUS-033', 'Bus 33');
INSERT INTO buses (id, bus_no, label) VALUES (34, 'CH-BUS-034', 'Bus 34');
INSERT INTO buses (id, bus_no, label) VALUES (35, 'CH-BUS-035', 'Bus 35');
INSERT INTO buses (id, bus_no, label) VALUES (36, 'CH-BUS-036', 'Bus 36');
INSERT INTO buses (id, bus_no, label) VALUES (37, 'CH-BUS-037', 'Bus 37');
INSERT INTO buses (id, bus_no, label) VALUES (38, 'CH-BUS-038', 'Bus 38');
INSERT INTO buses (id, bus_no, label) VALUES (39, 'CH-BUS-039', 'Bus 39');
INSERT INTO buses (id, bus_no, label) VALUES (40, 'CH-BUS-040', 'Bus 40');
INSERT INTO buses (id, bus_no, label) VALUES (41, 'CH-BUS-041', 'Bus 41');
INSERT INTO buses (id, bus_no, label) VALUES (42, 'CH-BUS-042', 'Bus 42');
INSERT INTO buses (id, bus_no, label) VALUES (43, 'CH-BUS-043', 'Bus 43');
INSERT INTO buses (id, bus_no, label) VALUES (44, 'CH-BUS-044', 'Bus 44');
INSERT INTO buses (id, bus_no, label) VALUES (45, 'CH-BUS-045', 'Bus 45');
INSERT INTO buses (id, bus_no, label) VALUES (46, 'CH-BUS-046', 'Bus 46');
INSERT INTO buses (id, bus_no, label) VALUES (47, 'CH-BUS-047', 'Bus 47');
INSERT INTO buses (id, bus_no, label) VALUES (48, 'CH-BUS-048', 'Bus 48');
INSERT INTO buses (id, bus_no, label) VALUES (49, 'CH-BUS-049', 'Bus 49');
INSERT INTO buses (id, bus_no, label) VALUES (50, 'CH-BUS-050', 'Bus 50');
INSERT INTO buses (id, bus_no, label) VALUES (51, 'CH-BUS-051', 'Bus 51');
INSERT INTO buses (id, bus_no, label) VALUES (52, 'CH-BUS-052', 'Bus 52');
INSERT INTO buses (id, bus_no, label) VALUES (53, 'CH-BUS-053', 'Bus 53');
INSERT INTO buses (id, bus_no, label) VALUES (54, 'CH-BUS-054', 'Bus 54');
INSERT INTO buses (id, bus_no, label) VALUES (55, 'CH-BUS-055', 'Bus 55');
INSERT INTO buses (id, bus_no, label) VALUES (56, 'CH-BUS-056', 'Bus 56');
INSERT INTO buses (id, bus_no, label) VALUES (57, 'CH-BUS-057', 'Bus 57');
INSERT INTO buses (id, bus_no, label) VALUES (58, 'CH-BUS-058', 'Bus 58');
INSERT INTO buses (id, bus_no, label) VALUES (59, 'CH-BUS-059', 'Bus 59');
INSERT INTO buses (id, bus_no, label) VALUES (60, 'CH-BUS-060', 'Bus 60');
INSERT INTO buses (id, bus_no, label) VALUES (61, 'CH-BUS-061', 'Bus 61');
INSERT INTO buses (id, bus_no, label) VALUES (62, 'CH-BUS-062', 'Bus 62');
INSERT INTO buses (id, bus_no, label) VALUES (63, 'CH-BUS-063', 'Bus 63');
INSERT INTO buses (id, bus_no, label) VALUES (64, 'CH-BUS-064', 'Bus 64');
INSERT INTO buses (id, bus_no, label) VALUES (65, 'CH-BUS-065', 'Bus 65');
INSERT INTO buses (id, bus_no, label) VALUES (66, 'CH-BUS-066', 'Bus 66');
INSERT INTO buses (id, bus_no, label) VALUES (67, 'CH-BUS-067', 'Bus 67');
INSERT INTO buses (id, bus_no, label) VALUES (68, 'CH-BUS-068', 'Bus 68');
INSERT INTO buses (id, bus_no, label) VALUES (69, 'CH-BUS-069', 'Bus 69');
INSERT INTO buses (id, bus_no, label) VALUES (70, 'CH-BUS-070', 'Bus 70');
INSERT INTO buses (id, bus_no, label) VALUES (71, 'CH-BUS-071', 'Bus 71');
INSERT INTO buses (id, bus_no, label) VALUES (72, 'CH-BUS-072', 'Bus 72');
INSERT INTO buses (id, bus_no, label) VALUES (73, 'CH-BUS-073', 'Bus 73');
INSERT INTO buses (id, bus_no, label) VALUES (74, 'CH-BUS-074', 'Bus 74');
INSERT INTO buses (id, bus_no, label) VALUES (75, 'CH-BUS-075', 'Bus 75');
INSERT INTO buses (id, bus_no, label) VALUES (76, 'CH-BUS-076', 'Bus 76');
INSERT INTO buses (id, bus_no, label) VALUES (77, 'CH-BUS-077', 'Bus 77');
INSERT INTO buses (id, bus_no, label) VALUES (78, 'CH-BUS-078', 'Bus 78');
INSERT INTO buses (id, bus_no, label) VALUES (79, 'CH-BUS-079', 'Bus 79');
INSERT INTO buses (id, bus_no, label) VALUES (80, 'CH-BUS-080', 'Bus 80');
INSERT INTO buses (id, bus_no, label) VALUES (81, 'CH-BUS-081', 'Bus 81');
INSERT INTO buses (id, bus_no, label) VALUES (82, 'CH-BUS-082', 'Bus 82');
INSERT INTO buses (id, bus_no, label) VALUES (83, 'CH-BUS-083', 'Bus 83');
INSERT INTO buses (id, bus_no, label) VALUES (84, 'CH-BUS-084', 'Bus 84');
INSERT INTO buses (id, bus_no, label) VALUES (85, 'CH-BUS-085', 'Bus 85');
INSERT INTO buses (id, bus_no, label) VALUES (86, 'CH-BUS-086', 'Bus 86');
INSERT INTO buses (id, bus_no, label) VALUES (87, 'CH-BUS-087', 'Bus 87');
INSERT INTO buses (id, bus_no, label) VALUES (88, 'CH-BUS-088', 'Bus 88');
INSERT INTO buses (id, bus_no, label) VALUES (89, 'CH-BUS-089', 'Bus 89');
INSERT INTO buses (id, bus_no, label) VALUES (90, 'CH-BUS-090', 'Bus 90');
INSERT INTO buses (id, bus_no, label) VALUES (91, 'CH-BUS-091', 'Bus 91');
INSERT INTO buses (id, bus_no, label) VALUES (92, 'CH-BUS-092', 'Bus 92');
INSERT INTO buses (id, bus_no, label) VALUES (93, 'CH-BUS-093', 'Bus 93');
INSERT INTO buses (id, bus_no, label) VALUES (94, 'CH-BUS-094', 'Bus 94');
INSERT INTO buses (id, bus_no, label) VALUES (95, 'CH-BUS-095', 'Bus 95');
INSERT INTO buses (id, bus_no, label) VALUES (96, 'CH-BUS-096', 'Bus 96');
INSERT INTO buses (id, bus_no, label) VALUES (97, 'CH-BUS-097', 'Bus 97');
INSERT INTO buses (id, bus_no, label) VALUES (98, 'CH-BUS-098', 'Bus 98');
INSERT INTO buses (id, bus_no, label) VALUES (99, 'CH-BUS-099', 'Bus 99');
INSERT INTO buses (id, bus_no, label) VALUES (100, 'CH-BUS-100', 'Bus 100');
INSERT INTO stops (id, ext_stop_id, name, lat, lng) VALUES (1, 'S-200', 'Marina Beach', 13.0418, 80.2858);
INSERT INTO stops (id, ext_stop_id, name, lat, lng) VALUES (2, 'S-201', 'T-Nagar', 13.0418, 80.2337);
INSERT INTO stops (id, ext_stop_id, name, lat, lng) VALUES (3, 'S-202', 'Adyar', 13.0033, 80.255);
INSERT INTO stops (id, ext_stop_id, name, lat, lng) VALUES (4, 'S-203', 'Guindy', 13.0067, 80.2206);
INSERT INTO stops (id, ext_stop_id, name, lat, lng) VALUES (5, 'S-204', 'Velachery', 12.9807, 80.223);
INSERT INTO stops (id, ext_stop_id, name, lat, lng) VALUES (6, 'S-205', 'Besant Nagar', 13.0003, 80.2667);
INSERT INTO stops (id, ext_stop_id, name, lat, lng) VALUES (7, 'S-206', 'Mylapore', 13.0333, 80.2667);
INSERT INTO stops (id, ext_stop_id, name, lat, lng) VALUES (8, 'S-207', 'Anna Nagar', 13.085, 80.2101);
INSERT INTO stops (id, ext_stop_id, name, lat, lng) VALUES (9, 'S-208', 'Mount Road', 13.06, 80.25);
INSERT INTO stops (id, ext_stop_id, name, lat, lng) VALUES (10, 'S-209', 'Central Station', 13.0817, 80.274);
INSERT INTO trips (id, ext_trip_id, route_id, bus_id, service_date, status) VALUES (1, 'T-301', 2, 1, CURDATE(), 'RUNNING');
INSERT INTO trips (id, ext_trip_id, route_id, bus_id, service_date, status) VALUES (2, 'T-302', 3, 2, CURDATE(), 'RUNNING');
INSERT INTO trips (id, ext_trip_id, route_id, bus_id, service_date, status) VALUES (3, 'T-303', 4, 3, CURDATE(), 'RUNNING');
INSERT INTO trips (id, ext_trip_id, route_id, bus_id, service_date, status) VALUES (4, 'T-304', 5, 4, CURDATE(), 'RUNNING');
INSERT INTO trips (id, ext_trip_id, route_id, bus_id, service_date, status) VALUES (5, 'T-305', 6, 5, CURDATE(), 'RUNNING');
INSERT INTO trips (id, ext_trip_id, route_id, bus_id, service_date, status) VALUES (6, 'T-306', 7, 6, CURDATE(), 'RUNNING');
INSERT INTO trips (id, ext_trip_id, route_id, bus_id, service_date, status) VALUES (7, 'T-307', 8, 7, CURDATE(), 'RUNNING');
INSERT INTO trips (id, ext_trip_id, route_id, bus_id, service_date, status) VALUES (8, 'T-308', 9, 8, CURDATE(), 'RUNNING');
INSERT INTO trips (id, ext_trip_id, route_id, bus_id, service_date, status) VALUES (9, 'T-309', 10, 9, CURDATE(), 'RUNNING');
INSERT INTO trips (id, ext_trip_id, route_id, bus_id, service_date, status) VALUES (10, 'T-310', 11, 10, CURDATE(), 'RUNNING');
INSERT INTO trips (id, ext_trip_id, route_id, bus_id, service_date, status) VALUES (11, 'T-311', 12, 11, CURDATE(), 'RUNNING');
INSERT INTO trips (id, ext_trip_id, route_id, bus_id, service_date, status) VALUES (12, 'T-312', 13, 12, CURDATE(), 'RUNNING');
INSERT INTO trips (id, ext_trip_id, route_id, bus_id, service_date, status) VALUES (13, 'T-313', 14, 13, CURDATE(), 'RUNNING');
INSERT INTO trips (id, ext_trip_id, route_id, bus_id, service_date, status) VALUES (14, 'T-314', 15, 14, CURDATE(), 'RUNNING');
INSERT INTO trips (id, ext_trip_id, route_id, bus_id, service_date, status) VALUES (15, 'T-315', 16, 15, CURDATE(), 'RUNNING');
INSERT INTO trips (id, ext_trip_id, route_id, bus_id, service_date, status) VALUES (16, 'T-316', 17, 16, CURDATE(), 'RUNNING');
INSERT INTO trips (id, ext_trip_id, route_id, bus_id, service_date, status) VALUES (17, 'T-317', 18, 17, CURDATE(), 'RUNNING');
INSERT INTO trips (id, ext_trip_id, route_id, bus_id, service_date, status) VALUES (18, 'T-318', 19, 18, CURDATE(), 'RUNNING');
INSERT INTO trips (id, ext_trip_id, route_id, bus_id, service_date, status) VALUES (19, 'T-319', 20, 19, CURDATE(), 'RUNNING');
INSERT INTO trips (id, ext_trip_id, route_id, bus_id, service_date, status) VALUES (20, 'T-320', 1, 20, CURDATE(), 'RUNNING');
INSERT INTO trips (id, ext_trip_id, route_id, bus_id, service_date, status) VALUES (21, 'T-321', 2, 21, CURDATE(), 'RUNNING');
INSERT INTO trips (id, ext_trip_id, route_id, bus_id, service_date, status) VALUES (22, 'T-322', 3, 22, CURDATE(), 'RUNNING');
INSERT INTO trips (id, ext_trip_id, route_id, bus_id, service_date, status) VALUES (23, 'T-323', 4, 23, CURDATE(), 'RUNNING');
INSERT INTO trips (id, ext_trip_id, route_id, bus_id, service_date, status) VALUES (24, 'T-324', 5, 24, CURDATE(), 'RUNNING');
INSERT INTO trips (id, ext_trip_id, route_id, bus_id, service_date, status) VALUES (25, 'T-325', 6, 25, CURDATE(), 'RUNNING');
INSERT INTO trips (id, ext_trip_id, route_id, bus_id, service_date, status) VALUES (26, 'T-326', 7, 26, CURDATE(), 'RUNNING');
INSERT INTO trips (id, ext_trip_id, route_id, bus_id, service_date, status) VALUES (27, 'T-327', 8, 27, CURDATE(), 'RUNNING');
INSERT INTO trips (id, ext_trip_id, route_id, bus_id, service_date, status) VALUES (28, 'T-328', 9, 28, CURDATE(), 'RUNNING');
INSERT INTO trips (id, ext_trip_id, route_id, bus_id, service_date, status) VALUES (29, 'T-329', 10, 29, CURDATE(), 'RUNNING');
INSERT INTO trips (id, ext_trip_id, route_id, bus_id, service_date, status) VALUES (30, 'T-330', 11, 30, CURDATE(), 'RUNNING');
INSERT INTO trips (id, ext_trip_id, route_id, bus_id, service_date, status) VALUES (31, 'T-331', 12, 31, CURDATE(), 'RUNNING');
INSERT INTO trips (id, ext_trip_id, route_id, bus_id, service_date, status) VALUES (32, 'T-332', 13, 32, CURDATE(), 'RUNNING');
INSERT INTO trips (id, ext_trip_id, route_id, bus_id, service_date, status) VALUES (33, 'T-333', 14, 33, CURDATE(), 'RUNNING');
INSERT INTO trips (id, ext_trip_id, route_id, bus_id, service_date, status) VALUES (34, 'T-334', 15, 34, CURDATE(), 'RUNNING');
INSERT INTO trips (id, ext_trip_id, route_id, bus_id, service_date, status) VALUES (35, 'T-335', 16, 35, CURDATE(), 'RUNNING');
INSERT INTO trips (id, ext_trip_id, route_id, bus_id, service_date, status) VALUES (36, 'T-336', 17, 36, CURDATE(), 'RUNNING');
INSERT INTO trips (id, ext_trip_id, route_id, bus_id, service_date, status) VALUES (37, 'T-337', 18, 37, CURDATE(), 'RUNNING');
INSERT INTO trips (id, ext_trip_id, route_id, bus_id, service_date, status) VALUES (38, 'T-338', 19, 38, CURDATE(), 'RUNNING');
INSERT INTO trips (id, ext_trip_id, route_id, bus_id, service_date, status) VALUES (39, 'T-339', 20, 39, CURDATE(), 'RUNNING');
INSERT INTO trips (id, ext_trip_id, route_id, bus_id, service_date, status) VALUES (40, 'T-340', 1, 40, CURDATE(), 'RUNNING');
INSERT INTO trips (id, ext_trip_id, route_id, bus_id, service_date, status) VALUES (41, 'T-341', 2, 41, CURDATE(), 'RUNNING');
INSERT INTO trips (id, ext_trip_id, route_id, bus_id, service_date, status) VALUES (42, 'T-342', 3, 42, CURDATE(), 'RUNNING');
INSERT INTO trips (id, ext_trip_id, route_id, bus_id, service_date, status) VALUES (43, 'T-343', 4, 43, CURDATE(), 'RUNNING');
INSERT INTO trips (id, ext_trip_id, route_id, bus_id, service_date, status) VALUES (44, 'T-344', 5, 44, CURDATE(), 'RUNNING');
INSERT INTO trips (id, ext_trip_id, route_id, bus_id, service_date, status) VALUES (45, 'T-345', 6, 45, CURDATE(), 'RUNNING');
INSERT INTO trips (id, ext_trip_id, route_id, bus_id, service_date, status) VALUES (46, 'T-346', 7, 46, CURDATE(), 'RUNNING');
INSERT INTO trips (id, ext_trip_id, route_id, bus_id, service_date, status) VALUES (47, 'T-347', 8, 47, CURDATE(), 'RUNNING');
INSERT INTO trips (id, ext_trip_id, route_id, bus_id, service_date, status) VALUES (48, 'T-348', 9, 48, CURDATE(), 'RUNNING');
INSERT INTO trips (id, ext_trip_id, route_id, bus_id, service_date, status) VALUES (49, 'T-349', 10, 49, CURDATE(), 'RUNNING');
INSERT INTO trips (id, ext_trip_id, route_id, bus_id, service_date, status) VALUES (50, 'T-350', 11, 50, CURDATE(), 'RUNNING');
INSERT INTO trips (id, ext_trip_id, route_id, bus_id, service_date, status) VALUES (51, 'T-351', 12, 51, CURDATE(), 'RUNNING');
INSERT INTO trips (id, ext_trip_id, route_id, bus_id, service_date, status) VALUES (52, 'T-352', 13, 52, CURDATE(), 'RUNNING');
INSERT INTO trips (id, ext_trip_id, route_id, bus_id, service_date, status) VALUES (53, 'T-353', 14, 53, CURDATE(), 'RUNNING');
INSERT INTO trips (id, ext_trip_id, route_id, bus_id, service_date, status) VALUES (54, 'T-354', 15, 54, CURDATE(), 'RUNNING');
INSERT INTO trips (id, ext_trip_id, route_id, bus_id, service_date, status) VALUES (55, 'T-355', 16, 55, CURDATE(), 'RUNNING');
INSERT INTO trips (id, ext_trip_id, route_id, bus_id, service_date, status) VALUES (56, 'T-356', 17, 56, CURDATE(), 'RUNNING');
INSERT INTO trips (id, ext_trip_id, route_id, bus_id, service_date, status) VALUES (57, 'T-357', 18, 57, CURDATE(), 'RUNNING');
INSERT INTO trips (id, ext_trip_id, route_id, bus_id, service_date, status) VALUES (58, 'T-358', 19, 58, CURDATE(), 'RUNNING');
INSERT INTO trips (id, ext_trip_id, route_id, bus_id, service_date, status) VALUES (59, 'T-359', 20, 59, CURDATE(), 'RUNNING');
INSERT INTO trips (id, ext_trip_id, route_id, bus_id, service_date, status) VALUES (60, 'T-360', 1, 60, CURDATE(), 'RUNNING');
INSERT INTO trips (id, ext_trip_id, route_id, bus_id, service_date, status) VALUES (61, 'T-361', 2, 61, CURDATE(), 'RUNNING');
INSERT INTO trips (id, ext_trip_id, route_id, bus_id, service_date, status) VALUES (62, 'T-362', 3, 62, CURDATE(), 'RUNNING');
INSERT INTO trips (id, ext_trip_id, route_id, bus_id, service_date, status) VALUES (63, 'T-363', 4, 63, CURDATE(), 'RUNNING');
INSERT INTO trips (id, ext_trip_id, route_id, bus_id, service_date, status) VALUES (64, 'T-364', 5, 64, CURDATE(), 'RUNNING');
INSERT INTO trips (id, ext_trip_id, route_id, bus_id, service_date, status) VALUES (65, 'T-365', 6, 65, CURDATE(), 'RUNNING');
INSERT INTO trips (id, ext_trip_id, route_id, bus_id, service_date, status) VALUES (66, 'T-366', 7, 66, CURDATE(), 'RUNNING');
INSERT INTO trips (id, ext_trip_id, route_id, bus_id, service_date, status) VALUES (67, 'T-367', 8, 67, CURDATE(), 'RUNNING');
INSERT INTO trips (id, ext_trip_id, route_id, bus_id, service_date, status) VALUES (68, 'T-368', 9, 68, CURDATE(), 'RUNNING');
INSERT INTO trips (id, ext_trip_id, route_id, bus_id, service_date, status) VALUES (69, 'T-369', 10, 69, CURDATE(), 'RUNNING');
INSERT INTO trips (id, ext_trip_id, route_id, bus_id, service_date, status) VALUES (70, 'T-370', 11, 70, CURDATE(), 'RUNNING');
INSERT INTO trips (id, ext_trip_id, route_id, bus_id, service_date, status) VALUES (71, 'T-371', 12, 71, CURDATE(), 'RUNNING');
INSERT INTO trips (id, ext_trip_id, route_id, bus_id, service_date, status) VALUES (72, 'T-372', 13, 72, CURDATE(), 'RUNNING');
INSERT INTO trips (id, ext_trip_id, route_id, bus_id, service_date, status) VALUES (73, 'T-373', 14, 73, CURDATE(), 'RUNNING');
INSERT INTO trips (id, ext_trip_id, route_id, bus_id, service_date, status) VALUES (74, 'T-374', 15, 74, CURDATE(), 'RUNNING');
INSERT INTO trips (id, ext_trip_id, route_id, bus_id, service_date, status) VALUES (75, 'T-375', 16, 75, CURDATE(), 'RUNNING');
INSERT INTO trips (id, ext_trip_id, route_id, bus_id, service_date, status) VALUES (76, 'T-376', 17, 76, CURDATE(), 'RUNNING');
INSERT INTO trips (id, ext_trip_id, route_id, bus_id, service_date, status) VALUES (77, 'T-377', 18, 77, CURDATE(), 'RUNNING');
INSERT INTO trips (id, ext_trip_id, route_id, bus_id, service_date, status) VALUES (78, 'T-378', 19, 78, CURDATE(), 'RUNNING');
INSERT INTO trips (id, ext_trip_id, route_id, bus_id, service_date, status) VALUES (79, 'T-379', 20, 79, CURDATE(), 'RUNNING');
INSERT INTO trips (id, ext_trip_id, route_id, bus_id, service_date, status) VALUES (80, 'T-380', 1, 80, CURDATE(), 'RUNNING');
INSERT INTO trips (id, ext_trip_id, route_id, bus_id, service_date, status) VALUES (81, 'T-381', 2, 81, CURDATE(), 'RUNNING');
INSERT INTO trips (id, ext_trip_id, route_id, bus_id, service_date, status) VALUES (82, 'T-382', 3, 82, CURDATE(), 'RUNNING');
INSERT INTO trips (id, ext_trip_id, route_id, bus_id, service_date, status) VALUES (83, 'T-383', 4, 83, CURDATE(), 'RUNNING');
INSERT INTO trips (id, ext_trip_id, route_id, bus_id, service_date, status) VALUES (84, 'T-384', 5, 84, CURDATE(), 'RUNNING');
INSERT INTO trips (id, ext_trip_id, route_id, bus_id, service_date, status) VALUES (85, 'T-385', 6, 85, CURDATE(), 'RUNNING');
INSERT INTO trips (id, ext_trip_id, route_id, bus_id, service_date, status) VALUES (86, 'T-386', 7, 86, CURDATE(), 'RUNNING');
INSERT INTO trips (id, ext_trip_id, route_id, bus_id, service_date, status) VALUES (87, 'T-387', 8, 87, CURDATE(), 'RUNNING');
INSERT INTO trips (id, ext_trip_id, route_id, bus_id, service_date, status) VALUES (88, 'T-388', 9, 88, CURDATE(), 'RUNNING');
INSERT INTO trips (id, ext_trip_id, route_id, bus_id, service_date, status) VALUES (89, 'T-389', 10, 89, CURDATE(), 'RUNNING');
INSERT INTO trips (id, ext_trip_id, route_id, bus_id, service_date, status) VALUES (90, 'T-390', 11, 90, CURDATE(), 'RUNNING');
INSERT INTO trips (id, ext_trip_id, route_id, bus_id, service_date, status) VALUES (91, 'T-391', 12, 91, CURDATE(), 'RUNNING');
INSERT INTO trips (id, ext_trip_id, route_id, bus_id, service_date, status) VALUES (92, 'T-392', 13, 92, CURDATE(), 'RUNNING');
INSERT INTO trips (id, ext_trip_id, route_id, bus_id, service_date, status) VALUES (93, 'T-393', 14, 93, CURDATE(), 'RUNNING');
INSERT INTO trips (id, ext_trip_id, route_id, bus_id, service_date, status) VALUES (94, 'T-394', 15, 94, CURDATE(), 'RUNNING');
INSERT INTO trips (id, ext_trip_id, route_id, bus_id, service_date, status) VALUES (95, 'T-395', 16, 95, CURDATE(), 'RUNNING');
INSERT INTO trips (id, ext_trip_id, route_id, bus_id, service_date, status) VALUES (96, 'T-396', 17, 96, CURDATE(), 'RUNNING');
INSERT INTO trips (id, ext_trip_id, route_id, bus_id, service_date, status) VALUES (97, 'T-397', 18, 97, CURDATE(), 'RUNNING');
INSERT INTO trips (id, ext_trip_id, route_id, bus_id, service_date, status) VALUES (98, 'T-398', 19, 98, CURDATE(), 'RUNNING');
INSERT INTO trips (id, ext_trip_id, route_id, bus_id, service_date, status) VALUES (99, 'T-399', 20, 99, CURDATE(), 'RUNNING');
INSERT INTO trips (id, ext_trip_id, route_id, bus_id, service_date, status) VALUES (100, 'T-400', 1, 100, CURDATE(), 'RUNNING');
INSERT INTO gps_points (trip_id, bus_id, lat, lng, ts, ext_vehicle_id) VALUES (1, 1, 13.002606287417164, 80.26535646907615, NOW(), 'V-401');
INSERT INTO gps_points (trip_id, bus_id, lat, lng, ts, ext_vehicle_id) VALUES (2, 2, 13.011212467018417, 80.21901468604284, NOW(), 'V-402');
INSERT INTO gps_points (trip_id, bus_id, lat, lng, ts, ext_vehicle_id) VALUES (3, 3, 13.078824827296371, 80.27337208320887, NOW(), 'V-403');
INSERT INTO gps_points (trip_id, bus_id, lat, lng, ts, ext_vehicle_id) VALUES (4, 4, 13.005982640774272, 80.2176175343017, NOW(), 'V-404');
INSERT INTO gps_points (trip_id, bus_id, lat, lng, ts, ext_vehicle_id) VALUES (5, 5, 13.03947461665838, 80.23260426923656, NOW(), 'V-405');
INSERT INTO gps_points (trip_id, bus_id, lat, lng, ts, ext_vehicle_id) VALUES (6, 6, 13.083234176600916, 80.27541313440881, NOW(), 'V-406');
INSERT INTO gps_points (trip_id, bus_id, lat, lng, ts, ext_vehicle_id) VALUES (7, 7, 12.978685420167857, 80.22172900146082, NOW(), 'V-407');
INSERT INTO gps_points (trip_id, bus_id, lat, lng, ts, ext_vehicle_id) VALUES (8, 8, 13.056484482072225, 80.25274407843447, NOW(), 'V-408');
INSERT INTO gps_points (trip_id, bus_id, lat, lng, ts, ext_vehicle_id) VALUES (9, 9, 13.010083966150257, 80.21800041567752, NOW(), 'V-409');
INSERT INTO gps_points (trip_id, bus_id, lat, lng, ts, ext_vehicle_id) VALUES (10, 10, 13.006622663962407, 80.21744695520805, NOW(), 'V-410');
INSERT INTO gps_points (trip_id, bus_id, lat, lng, ts, ext_vehicle_id) VALUES (11, 11, 13.045692442594717, 80.28876626629946, NOW(), 'V-411');
INSERT INTO gps_points (trip_id, bus_id, lat, lng, ts, ext_vehicle_id) VALUES (12, 12, 13.082390337717856, 80.27889008287636, NOW(), 'V-412');
INSERT INTO gps_points (trip_id, bus_id, lat, lng, ts, ext_vehicle_id) VALUES (13, 13, 13.003862384908137, 80.26534694439913, NOW(), 'V-413');
INSERT INTO gps_points (trip_id, bus_id, lat, lng, ts, ext_vehicle_id) VALUES (14, 14, 13.01084551359274, 80.2175020470064, NOW(), 'V-414');
INSERT INTO gps_points (trip_id, bus_id, lat, lng, ts, ext_vehicle_id) VALUES (15, 15, 13.031751083360867, 80.26512539252154, NOW(), 'V-415');
INSERT INTO gps_points (trip_id, bus_id, lat, lng, ts, ext_vehicle_id) VALUES (16, 16, 13.033639411426215, 80.26251094684959, NOW(), 'V-416');
INSERT INTO gps_points (trip_id, bus_id, lat, lng, ts, ext_vehicle_id) VALUES (17, 17, 13.078459334814474, 80.26997434226918, NOW(), 'V-417');
INSERT INTO gps_points (trip_id, bus_id, lat, lng, ts, ext_vehicle_id) VALUES (18, 18, 13.078227166690208, 80.27104549269667, NOW(), 'V-418');
INSERT INTO gps_points (trip_id, bus_id, lat, lng, ts, ext_vehicle_id) VALUES (19, 19, 13.044112699854038, 80.28731642329191, NOW(), 'V-419');
INSERT INTO gps_points (trip_id, bus_id, lat, lng, ts, ext_vehicle_id) VALUES (20, 20, 13.083794309045864, 80.27730952001698, NOW(), 'V-420');
INSERT INTO gps_points (trip_id, bus_id, lat, lng, ts, ext_vehicle_id) VALUES (21, 21, 13.036239200611233, 80.2703399826648, NOW(), 'V-421');
INSERT INTO gps_points (trip_id, bus_id, lat, lng, ts, ext_vehicle_id) VALUES (22, 22, 13.004976182362537, 80.26393740416539, NOW(), 'V-422');
INSERT INTO gps_points (trip_id, bus_id, lat, lng, ts, ext_vehicle_id) VALUES (23, 23, 13.08426423798752, 80.27517157083642, NOW(), 'V-423');
INSERT INTO gps_points (trip_id, bus_id, lat, lng, ts, ext_vehicle_id) VALUES (24, 24, 13.077712513815296, 80.27157461044636, NOW(), 'V-424');
INSERT INTO gps_points (trip_id, bus_id, lat, lng, ts, ext_vehicle_id) VALUES (25, 25, 13.028871482703396, 80.27137269775012, NOW(), 'V-425');
INSERT INTO gps_points (trip_id, bus_id, lat, lng, ts, ext_vehicle_id) VALUES (26, 26, 13.079859524045753, 80.27666927161165, NOW(), 'V-426');
INSERT INTO gps_points (trip_id, bus_id, lat, lng, ts, ext_vehicle_id) VALUES (27, 27, 13.028658526306149, 80.26538809459241, NOW(), 'V-427');
INSERT INTO gps_points (trip_id, bus_id, lat, lng, ts, ext_vehicle_id) VALUES (28, 28, 13.043702468924808, 80.2859175880953, NOW(), 'V-428');
INSERT INTO gps_points (trip_id, bus_id, lat, lng, ts, ext_vehicle_id) VALUES (29, 29, 13.031781684487395, 80.26683145555637, NOW(), 'V-429');
INSERT INTO gps_points (trip_id, bus_id, lat, lng, ts, ext_vehicle_id) VALUES (30, 30, 13.064549508641726, 80.25020310633519, NOW(), 'V-430');
INSERT INTO gps_points (trip_id, bus_id, lat, lng, ts, ext_vehicle_id) VALUES (31, 31, 13.037148048980342, 80.23324219152792, NOW(), 'V-431');
INSERT INTO gps_points (trip_id, bus_id, lat, lng, ts, ext_vehicle_id) VALUES (32, 32, 12.98389351268167, 80.22101819910618, NOW(), 'V-432');
INSERT INTO gps_points (trip_id, bus_id, lat, lng, ts, ext_vehicle_id) VALUES (33, 33, 13.037630038876289, 80.28720117377287, NOW(), 'V-433');
INSERT INTO gps_points (trip_id, bus_id, lat, lng, ts, ext_vehicle_id) VALUES (34, 34, 12.98380815495504, 80.22751660523491, NOW(), 'V-434');
INSERT INTO gps_points (trip_id, bus_id, lat, lng, ts, ext_vehicle_id) VALUES (35, 35, 13.030762120488399, 80.26413325754352, NOW(), 'V-435');
INSERT INTO gps_points (trip_id, bus_id, lat, lng, ts, ext_vehicle_id) VALUES (36, 36, 13.001973368836106, 80.2567659675103, NOW(), 'V-436');
INSERT INTO gps_points (trip_id, bus_id, lat, lng, ts, ext_vehicle_id) VALUES (37, 37, 13.030402902790584, 80.26530404954076, NOW(), 'V-437');
INSERT INTO gps_points (trip_id, bus_id, lat, lng, ts, ext_vehicle_id) VALUES (38, 38, 13.08090565332019, 80.21032509040664, NOW(), 'V-438');
INSERT INTO gps_points (trip_id, bus_id, lat, lng, ts, ext_vehicle_id) VALUES (39, 39, 13.055358074340651, 80.25204675450078, NOW(), 'V-439');
INSERT INTO gps_points (trip_id, bus_id, lat, lng, ts, ext_vehicle_id) VALUES (40, 40, 13.036547128112412, 80.26307300398166, NOW(), 'V-440');
INSERT INTO gps_points (trip_id, bus_id, lat, lng, ts, ext_vehicle_id) VALUES (41, 41, 13.006291434334864, 80.25695820909219, NOW(), 'V-441');
INSERT INTO gps_points (trip_id, bus_id, lat, lng, ts, ext_vehicle_id) VALUES (42, 42, 13.031237692216187, 80.26890965944345, NOW(), 'V-442');
INSERT INTO gps_points (trip_id, bus_id, lat, lng, ts, ext_vehicle_id) VALUES (43, 43, 13.085887845674025, 80.2078703316219, NOW(), 'V-443');
INSERT INTO gps_points (trip_id, bus_id, lat, lng, ts, ext_vehicle_id) VALUES (44, 44, 13.038497050743285, 80.28276268903392, NOW(), 'V-444');
INSERT INTO gps_points (trip_id, bus_id, lat, lng, ts, ext_vehicle_id) VALUES (45, 45, 13.041767057578525, 80.28225569965637, NOW(), 'V-445');
INSERT INTO gps_points (trip_id, bus_id, lat, lng, ts, ext_vehicle_id) VALUES (46, 46, 13.07757975143634, 80.27558569499477, NOW(), 'V-446');
INSERT INTO gps_points (trip_id, bus_id, lat, lng, ts, ext_vehicle_id) VALUES (47, 47, 13.041525494541725, 80.28315577741782, NOW(), 'V-447');
INSERT INTO gps_points (trip_id, bus_id, lat, lng, ts, ext_vehicle_id) VALUES (48, 48, 13.086703195929312, 80.2086753031993, NOW(), 'V-448');
INSERT INTO gps_points (trip_id, bus_id, lat, lng, ts, ext_vehicle_id) VALUES (49, 49, 13.046335378010813, 80.28431081484538, NOW(), 'V-449');
INSERT INTO gps_points (trip_id, bus_id, lat, lng, ts, ext_vehicle_id) VALUES (50, 50, 13.031389303428545, 80.27159432076323, NOW(), 'V-450');
INSERT INTO gps_points (trip_id, bus_id, lat, lng, ts, ext_vehicle_id) VALUES (51, 51, 13.045750958881946, 80.23847419748377, NOW(), 'V-451');
INSERT INTO gps_points (trip_id, bus_id, lat, lng, ts, ext_vehicle_id) VALUES (52, 52, 13.057881417583868, 80.25351317999618, NOW(), 'V-452');
INSERT INTO gps_points (trip_id, bus_id, lat, lng, ts, ext_vehicle_id) VALUES (53, 53, 13.008299193918186, 80.25673572956654, NOW(), 'V-453');
INSERT INTO gps_points (trip_id, bus_id, lat, lng, ts, ext_vehicle_id) VALUES (54, 54, 13.082952900013431, 80.20880954202285, NOW(), 'V-454');
INSERT INTO gps_points (trip_id, bus_id, lat, lng, ts, ext_vehicle_id) VALUES (55, 55, 13.089863366186947, 80.20550929203667, NOW(), 'V-455');
INSERT INTO gps_points (trip_id, bus_id, lat, lng, ts, ext_vehicle_id) VALUES (56, 56, 13.031441020046035, 80.2687862569874, NOW(), 'V-456');
INSERT INTO gps_points (trip_id, bus_id, lat, lng, ts, ext_vehicle_id) VALUES (57, 57, 13.082185471412458, 80.21194792719723, NOW(), 'V-457');
INSERT INTO gps_points (trip_id, bus_id, lat, lng, ts, ext_vehicle_id) VALUES (58, 58, 12.995635605096345, 80.26353546196978, NOW(), 'V-458');
INSERT INTO gps_points (trip_id, bus_id, lat, lng, ts, ext_vehicle_id) VALUES (59, 59, 12.982205368349666, 80.22528760979094, NOW(), 'V-459');
INSERT INTO gps_points (trip_id, bus_id, lat, lng, ts, ext_vehicle_id) VALUES (60, 60, 13.035904928563298, 80.26332846841379, NOW(), 'V-460');
INSERT INTO gps_points (trip_id, bus_id, lat, lng, ts, ext_vehicle_id) VALUES (61, 61, 12.983615843339606, 80.2257117510118, NOW(), 'V-461');
INSERT INTO gps_points (trip_id, bus_id, lat, lng, ts, ext_vehicle_id) VALUES (62, 62, 12.976919762225481, 80.22177523013475, NOW(), 'V-462');
INSERT INTO gps_points (trip_id, bus_id, lat, lng, ts, ext_vehicle_id) VALUES (63, 63, 12.981936062442358, 80.22503109887606, NOW(), 'V-463');
INSERT INTO gps_points (trip_id, bus_id, lat, lng, ts, ext_vehicle_id) VALUES (64, 64, 13.00347374477908, 80.216915284405, NOW(), 'V-464');
INSERT INTO gps_points (trip_id, bus_id, lat, lng, ts, ext_vehicle_id) VALUES (65, 65, 13.035406042078229, 80.26502659506345, NOW(), 'V-465');
INSERT INTO gps_points (trip_id, bus_id, lat, lng, ts, ext_vehicle_id) VALUES (66, 66, 12.99876646949335, 80.26735561322349, NOW(), 'V-466');
INSERT INTO gps_points (trip_id, bus_id, lat, lng, ts, ext_vehicle_id) VALUES (67, 67, 13.003609631348622, 80.26272686269763, NOW(), 'V-467');
INSERT INTO gps_points (trip_id, bus_id, lat, lng, ts, ext_vehicle_id) VALUES (68, 68, 13.04333941322889, 80.28909082019973, NOW(), 'V-468');
INSERT INTO gps_points (trip_id, bus_id, lat, lng, ts, ext_vehicle_id) VALUES (69, 69, 13.041796285604958, 80.28354776040126, NOW(), 'V-469');
INSERT INTO gps_points (trip_id, bus_id, lat, lng, ts, ext_vehicle_id) VALUES (70, 70, 13.000865143433938, 80.2711806759251, NOW(), 'V-470');
INSERT INTO gps_points (trip_id, bus_id, lat, lng, ts, ext_vehicle_id) VALUES (71, 71, 13.042749095123368, 80.28380699761237, NOW(), 'V-471');
INSERT INTO gps_points (trip_id, bus_id, lat, lng, ts, ext_vehicle_id) VALUES (72, 72, 13.001716345773792, 80.25447288121991, NOW(), 'V-472');
INSERT INTO gps_points (trip_id, bus_id, lat, lng, ts, ext_vehicle_id) VALUES (73, 73, 13.008619323036502, 80.22279818128169, NOW(), 'V-473');
INSERT INTO gps_points (trip_id, bus_id, lat, lng, ts, ext_vehicle_id) VALUES (74, 74, 13.046362925741324, 80.22959470354863, NOW(), 'V-474');
INSERT INTO gps_points (trip_id, bus_id, lat, lng, ts, ext_vehicle_id) VALUES (75, 75, 13.002000773462093, 80.26617435605323, NOW(), 'V-475');
INSERT INTO gps_points (trip_id, bus_id, lat, lng, ts, ext_vehicle_id) VALUES (76, 76, 13.045007484207819, 80.28709970946412, NOW(), 'V-476');
INSERT INTO gps_points (trip_id, bus_id, lat, lng, ts, ext_vehicle_id) VALUES (77, 77, 13.000952900702343, 80.26333160494968, NOW(), 'V-477');
INSERT INTO gps_points (trip_id, bus_id, lat, lng, ts, ext_vehicle_id) VALUES (78, 78, 13.009306551087908, 80.22453838087525, NOW(), 'V-478');
INSERT INTO gps_points (trip_id, bus_id, lat, lng, ts, ext_vehicle_id) VALUES (79, 79, 13.0404343836709, 80.23385564416833, NOW(), 'V-479');
INSERT INTO gps_points (trip_id, bus_id, lat, lng, ts, ext_vehicle_id) VALUES (80, 80, 12.98303927280831, 80.22309810335629, NOW(), 'V-480');
INSERT INTO gps_points (trip_id, bus_id, lat, lng, ts, ext_vehicle_id) VALUES (81, 81, 13.004490715448485, 80.25266334976385, NOW(), 'V-481');
INSERT INTO gps_points (trip_id, bus_id, lat, lng, ts, ext_vehicle_id) VALUES (82, 82, 13.029151696774722, 80.26507335766178, NOW(), 'V-482');
INSERT INTO gps_points (trip_id, bus_id, lat, lng, ts, ext_vehicle_id) VALUES (83, 83, 13.056997579119397, 80.2508970401992, NOW(), 'V-483');
INSERT INTO gps_points (trip_id, bus_id, lat, lng, ts, ext_vehicle_id) VALUES (84, 84, 13.04206349419339, 80.28183059223188, NOW(), 'V-484');
INSERT INTO gps_points (trip_id, bus_id, lat, lng, ts, ext_vehicle_id) VALUES (85, 85, 13.000465534378606, 80.26718316364699, NOW(), 'V-485');
INSERT INTO gps_points (trip_id, bus_id, lat, lng, ts, ext_vehicle_id) VALUES (86, 86, 12.977393336952725, 80.22485073839223, NOW(), 'V-486');
INSERT INTO gps_points (trip_id, bus_id, lat, lng, ts, ext_vehicle_id) VALUES (87, 87, 13.083984542185908, 80.27056095560516, NOW(), 'V-487');
INSERT INTO gps_points (trip_id, bus_id, lat, lng, ts, ext_vehicle_id) VALUES (88, 88, 13.089697523656689, 80.21091120735097, NOW(), 'V-488');
INSERT INTO gps_points (trip_id, bus_id, lat, lng, ts, ext_vehicle_id) VALUES (89, 89, 13.041223036737723, 80.28864869873213, NOW(), 'V-489');
INSERT INTO gps_points (trip_id, bus_id, lat, lng, ts, ext_vehicle_id) VALUES (90, 90, 13.000305876433135, 80.25042706215287, NOW(), 'V-490');
INSERT INTO gps_points (trip_id, bus_id, lat, lng, ts, ext_vehicle_id) VALUES (91, 91, 13.010487078773963, 80.22360131748023, NOW(), 'V-491');
INSERT INTO gps_points (trip_id, bus_id, lat, lng, ts, ext_vehicle_id) VALUES (92, 92, 13.039877569025224, 80.23042620265026, NOW(), 'V-492');
INSERT INTO gps_points (trip_id, bus_id, lat, lng, ts, ext_vehicle_id) VALUES (93, 93, 13.031677361379442, 80.26800775718117, NOW(), 'V-493');
INSERT INTO gps_points (trip_id, bus_id, lat, lng, ts, ext_vehicle_id) VALUES (94, 94, 13.060040436919051, 80.24674698742902, NOW(), 'V-494');
INSERT INTO gps_points (trip_id, bus_id, lat, lng, ts, ext_vehicle_id) VALUES (95, 95, 13.043645096320706, 80.22943525278377, NOW(), 'V-495');
INSERT INTO gps_points (trip_id, bus_id, lat, lng, ts, ext_vehicle_id) VALUES (96, 96, 13.00342723373004, 80.21606466293623, NOW(), 'V-496');
INSERT INTO gps_points (trip_id, bus_id, lat, lng, ts, ext_vehicle_id) VALUES (97, 97, 13.059397049850439, 80.2524231744466, NOW(), 'V-497');
INSERT INTO gps_points (trip_id, bus_id, lat, lng, ts, ext_vehicle_id) VALUES (98, 98, 13.042703241105064, 80.28711611792923, NOW(), 'V-498');
INSERT INTO gps_points (trip_id, bus_id, lat, lng, ts, ext_vehicle_id) VALUES (99, 99, 13.011007646534773, 80.22244603413334, NOW(), 'V-499');
INSERT INTO gps_points (trip_id, bus_id, lat, lng, ts, ext_vehicle_id) VALUES (100, 100, 12.977034416670266, 80.22310548671564, NOW(), 'V-500');
SET FOREIGN_KEY_CHECKS = 1;